{"cameraMode":{"drawMode":0,"name":"Shaded","section":"Shading Mode"},"sceneLighting":true,"audioPlay":false,"sceneViewState":{"m_AlwaysRefresh":false,"showFog":true,"showSkybox":true,"showFlares":true,"showImageEffects":true,"showParticleSystems":true,"showVisualEffectGraphs":true,"m_FxEnabled":true},"in2DMode":false,"pivot":{"x":-0.10296165943145752,"y":11.081284523010254,"z":-1.8060163259506226},"rotation":{"x":0.015982933342456819,"y":-0.8693738579750061,"z":0.02757568471133709,"w":0.49328985810279848},"size":1.040259838104248,"orthographic":false}