{"cameraMode":{"drawMode":0,"name":"Shaded","section":"Shading Mode"},"sceneLighting":true,"audioPlay":false,"sceneViewState":{"showFog":true,"showMaterialUpdate":true,"showSkybox":true,"showFlares":true,"showImageEffects":true,"showParticleSystems":true},"in2DMode":false,"pivot":{"x":-0.1663612723350525,"y":10.934032440185547,"z":-1.2604236602783204},"rotation":{"x":0.015982933342456819,"y":-0.8693738579750061,"z":0.02757568471133709,"w":0.49328985810279848},"size":0.7659994959831238,"orthographic":false}